Sat Jun 21 03:01:24 UTC 2025
Commit on Sat Jun 21 04:10:13 UTC 2025
Commit on Sun Jun 22 01:06:09 UTC 2025
Commit on Mon Jun 23 01:04:11 UTC 2025
Commit on Tue Jun 24 01:00:51 UTC 2025
Commit on Wed Jun 25 01:01:40 UTC 2025
Commit on Thu Jun 26 01:00:34 UTC 2025
Commit on Fri Jun 27 01:01:22 UTC 2025
Commit on Sat Jun 28 00:58:54 UTC 2025
Commit on Sun Jun 29 01:07:40 UTC 2025
Commit on Mon Jun 30 01:04:47 UTC 2025
Commit on Tue Jul  1 01:07:52 UTC 2025
Commit on Wed Jul  2 01:01:02 UTC 2025
Commit on Thu Jul  3 01:00:47 UTC 2025
Commit on Fri Jul  4 01:00:28 UTC 2025
Commit on Sat Jul  5 00:58:24 UTC 2025
Commit on Sun Jul  6 01:06:49 UTC 2025
Commit on Mon Jul  7 01:05:22 UTC 2025
Commit on Tue Jul  8 01:01:23 UTC 2025
Commit on Wed Jul  9 01:02:08 UTC 2025
Commit on Thu Jul 10 01:02:05 UTC 2025
Commit on Fri Jul 11 01:02:35 UTC 2025
Commit on Sat Jul 12 01:04:17 UTC 2025
Commit on Sun Jul 13 01:08:43 UTC 2025
Commit on Mon Jul 14 01:05:58 UTC 2025
Commit on Tue Jul 15 01:05:10 UTC 2025
Commit on Wed Jul 16 01:03:43 UTC 2025
Commit on Thu Jul 17 01:04:09 UTC 2025
Commit on Fri Jul 18 01:03:30 UTC 2025
Commit on Sat Jul 19 01:02:01 UTC 2025
Commit on Sun Jul 20 01:10:17 UTC 2025
Commit on Mon Jul 21 01:07:43 UTC 2025
Commit on Tue Jul 22 01:04:02 UTC 2025
Commit on Wed Jul 23 01:05:07 UTC 2025
Commit on Thu Jul 24 01:04:19 UTC 2025
Commit on Fri Jul 25 01:04:01 UTC 2025
Commit on Sat Jul 26 01:02:16 UTC 2025
Commit on Sun Jul 27 01:10:22 UTC 2025
Commit on Mon Jul 28 01:08:49 UTC 2025
Commit on Tue Jul 29 01:11:18 UTC 2025
Commit on Wed Jul 30 01:05:15 UTC 2025
Commit on Thu Jul 31 01:05:20 UTC 2025
Commit on Fri Aug  1 01:12:48 UTC 2025
Commit on Sat Aug  2 01:02:23 UTC 2025
Commit on Sun Aug  3 01:11:49 UTC 2025
Commit on Mon Aug  4 01:10:34 UTC 2025
Commit on Tue Aug  5 01:06:47 UTC 2025
Commit on Wed Aug  6 01:05:48 UTC 2025
Commit on Thu Aug  7 01:06:11 UTC 2025
Commit on Fri Aug  8 01:05:55 UTC 2025
Commit on Sat Aug  9 01:00:22 UTC 2025
Commit on Sun Aug 10 01:09:24 UTC 2025
Commit on Mon Aug 11 01:06:44 UTC 2025
Commit on Tue Aug 12 01:00:09 UTC 2025
Commit on Wed Aug 13 01:01:21 UTC 2025
Commit on Thu Aug 14 01:01:36 UTC 2025
Commit on Fri Aug 15 01:01:44 UTC 2025
Commit on Sat Aug 16 00:58:45 UTC 2025
Commit on Sun Aug 17 01:06:02 UTC 2025
Commit on Mon Aug 18 01:05:29 UTC 2025
Commit on Tue Aug 19 00:59:12 UTC 2025
Commit on Wed Aug 20 00:57:07 UTC 2025
Commit on Thu Aug 21 00:56:25 UTC 2025
Commit on Fri Aug 22 00:57:30 UTC 2025
Commit on Sat Aug 23 00:55:14 UTC 2025
Commit on Sun Aug 24 01:03:38 UTC 2025
Commit on Mon Aug 25 00:59:40 UTC 2025
Commit on Tue Aug 26 00:58:07 UTC 2025
Commit on Wed Aug 27 00:56:39 UTC 2025
Commit on Thu Aug 28 00:55:44 UTC 2025
Commit on Fri Aug 29 00:55:58 UTC 2025
Commit on Sat Aug 30 00:53:00 UTC 2025
Commit on Sun Aug 31 00:59:58 UTC 2025
Commit on Mon Sep  1 01:06:13 UTC 2025
Commit on Tue Sep  2 00:56:54 UTC 2025
Commit on Wed Sep  3 00:53:18 UTC 2025
Commit on Thu Sep  4 00:53:20 UTC 2025
Commit on Fri Sep  5 00:54:43 UTC 2025
Commit on Sat Sep  6 00:53:22 UTC 2025
Commit on Sun Sep  7 00:59:14 UTC 2025
Commit on Mon Sep  8 00:58:08 UTC 2025
Commit on Tue Sep  9 00:55:31 UTC 2025
Commit on Wed Sep 10 00:54:06 UTC 2025
Commit on Thu Sep 11 00:55:17 UTC 2025
Commit on Fri Sep 12 00:53:08 UTC 2025
Commit on Sat Sep 13 00:51:05 UTC 2025
Commit on Sun Sep 14 00:58:35 UTC 2025
Commit on Mon Sep 15 00:58:58 UTC 2025
Commit on Tue Sep 16 00:54:15 UTC 2025
Commit on Wed Sep 17 00:54:09 UTC 2025
Commit on Thu Sep 18 00:53:44 UTC 2025
Commit on Fri Sep 19 00:55:49 UTC 2025
Commit on Sat Sep 20 00:52:42 UTC 2025
Commit on Sun Sep 21 01:00:00 UTC 2025
Commit on Mon Sep 22 00:59:43 UTC 2025
Commit on Tue Sep 23 00:54:14 UTC 2025
Commit on Wed Sep 24 00:55:08 UTC 2025
Commit on Thu Sep 25 00:55:11 UTC 2025
Commit on Fri Sep 26 00:54:38 UTC 2025
Commit on Sat Sep 27 00:52:49 UTC 2025
Commit on Sun Sep 28 01:00:48 UTC 2025
Commit on Mon Sep 29 00:56:41 UTC 2025
Commit on Tue Sep 30 00:55:36 UTC 2025
Commit on Wed Oct  1 01:01:39 UTC 2025
Commit on Thu Oct  2 00:53:59 UTC 2025
Commit on Fri Oct  3 00:53:52 UTC 2025
Commit on Sat Oct  4 00:51:24 UTC 2025
Commit on Sun Oct  5 00:59:59 UTC 2025
Commit on Mon Oct  6 00:55:47 UTC 2025
Commit on Tue Oct  7 00:54:39 UTC 2025
Commit on Wed Oct  8 00:54:17 UTC 2025
Commit on Thu Oct  9 00:55:17 UTC 2025
Commit on Fri Oct 10 00:54:47 UTC 2025
Commit on Sat Oct 11 00:52:22 UTC 2025
Commit on Sun Oct 12 00:57:39 UTC 2025
Commit on Mon Oct 13 00:59:10 UTC 2025
Commit on Tue Oct 14 00:55:14 UTC 2025
Commit on Wed Oct 15 00:56:32 UTC 2025
Commit on Thu Oct 16 00:56:26 UTC 2025
Commit on Fri Oct 17 00:55:49 UTC 2025
Commit on Sat Oct 18 00:53:14 UTC 2025
Commit on Sun Oct 19 01:02:32 UTC 2025
Commit on Mon Oct 20 01:00:31 UTC 2025
Commit on Tue Oct 21 00:57:44 UTC 2025
Commit on Wed Oct 22 00:58:53 UTC 2025
Commit on Thu Oct 23 00:57:01 UTC 2025
Commit on Fri Oct 24 00:53:32 UTC 2025
Commit on Sat Oct 25 00:55:32 UTC 2025
Commit on Sun Oct 26 01:00:35 UTC 2025
Commit on Mon Oct 27 01:02:03 UTC 2025
Commit on Tue Oct 28 00:55:53 UTC 2025
Commit on Wed Oct 29 00:59:55 UTC 2025
Commit on Thu Oct 30 00:59:42 UTC 2025
Commit on Fri Oct 31 00:58:00 UTC 2025
Commit on Sat Nov  1 01:01:00 UTC 2025
Commit on Sun Nov  2 01:01:46 UTC 2025
Commit on Mon Nov  3 01:00:58 UTC 2025
Commit on Tue Nov  4 00:58:10 UTC 2025
Commit on Wed Nov  5 00:59:53 UTC 2025
Commit on Thu Nov  6 00:58:50 UTC 2025
Commit on Fri Nov  7 00:58:27 UTC 2025
Commit on Sat Nov  8 00:55:19 UTC 2025
Commit on Sun Nov  9 01:01:41 UTC 2025
Commit on Mon Nov 10 01:01:33 UTC 2025
Commit on Tue Nov 11 00:59:48 UTC 2025
Commit on Wed Nov 12 00:59:23 UTC 2025
Commit on Thu Nov 13 00:59:29 UTC 2025
Commit on Fri Nov 14 00:59:16 UTC 2025
Commit on Sat Nov 15 00:58:00 UTC 2025
Commit on Sun Nov 16 01:03:18 UTC 2025
Commit on Mon Nov 17 01:00:25 UTC 2025
Commit on Tue Nov 18 00:58:47 UTC 2025
Commit on Wed Nov 19 00:59:04 UTC 2025
Commit on Thu Nov 20 00:57:51 UTC 2025
Commit on Fri Nov 21 00:58:25 UTC 2025
Commit on Sat Nov 22 00:56:29 UTC 2025
Commit on Sun Nov 23 01:06:55 UTC 2025
Commit on Mon Nov 24 01:02:53 UTC 2025
Commit on Tue Nov 25 00:58:45 UTC 2025
Commit on Wed Nov 26 00:59:24 UTC 2025
Commit on Thu Nov 27 00:58:18 UTC 2025
Commit on Fri Nov 28 00:57:19 UTC 2025
Commit on Sat Nov 29 00:57:46 UTC 2025
Commit on Sun Nov 30 01:06:40 UTC 2025
Commit on Mon Dec  1 01:11:18 UTC 2025
Commit on Tue Dec  2 01:00:28 UTC 2025
Commit on Wed Dec  3 01:00:38 UTC 2025
Commit on Thu Dec  4 01:00:30 UTC 2025
Commit on Fri Dec  5 01:00:49 UTC 2025
Commit on Sat Dec  6 00:57:57 UTC 2025
Commit on Sun Dec  7 01:06:41 UTC 2025
Commit on Mon Dec  8 01:01:14 UTC 2025
Commit on Tue Dec  9 01:00:42 UTC 2025
Commit on Wed Dec 10 01:02:17 UTC 2025
Commit on Thu Dec 11 01:02:49 UTC 2025
Commit on Fri Dec 12 01:02:26 UTC 2025
Commit on Sat Dec 13 00:58:46 UTC 2025
Commit on Sun Dec 14 01:07:05 UTC 2025
Commit on Mon Dec 15 01:04:52 UTC 2025
Commit on Tue Dec 16 01:02:56 UTC 2025
Commit on Wed Dec 17 00:58:26 UTC 2025
Commit on Thu Dec 18 00:59:27 UTC 2025
Commit on Fri Dec 19 01:02:41 UTC 2025
Commit on Sat Dec 20 00:59:03 UTC 2025
Commit on Sun Dec 21 01:06:35 UTC 2025
Commit on Mon Dec 22 01:05:40 UTC 2025
Commit on Tue Dec 23 01:02:35 UTC 2025
Commit on Wed Dec 24 01:01:42 UTC 2025
Commit on Thu Dec 25 01:02:22 UTC 2025
Commit on Fri Dec 26 01:02:26 UTC 2025
Commit on Sat Dec 27 01:00:58 UTC 2025
Commit on Sun Dec 28 01:10:10 UTC 2025
Commit on Mon Dec 29 01:07:59 UTC 2025
Commit on Tue Dec 30 01:02:56 UTC 2025
Commit on Wed Dec 31 01:04:21 UTC 2025
Commit on Thu Jan  1 01:10:21 UTC 2026
Commit on Fri Jan  2 01:04:02 UTC 2026
Commit on Sat Jan  3 01:00:11 UTC 2026
Commit on Sun Jan  4 01:10:59 UTC 2026
Commit on Mon Jan  5 01:09:41 UTC 2026
Commit on Tue Jan  6 01:04:01 UTC 2026
Commit on Wed Jan  7 01:04:38 UTC 2026
Commit on Thu Jan  8 01:04:12 UTC 2026
Commit on Fri Jan  9 01:05:07 UTC 2026
Commit on Sat Jan 10 01:02:38 UTC 2026
Commit on Sun Jan 11 01:10:45 UTC 2026
Commit on Mon Jan 12 01:07:39 UTC 2026
Commit on Tue Jan 13 01:01:01 UTC 2026
Commit on Wed Jan 14 01:06:51 UTC 2026
Commit on Thu Jan 15 01:02:34 UTC 2026
Commit on Fri Jan 16 01:05:05 UTC 2026
Commit on Sat Jan 17 01:02:18 UTC 2026
Commit on Sun Jan 18 01:09:47 UTC 2026
Commit on Mon Jan 19 01:08:58 UTC 2026
Commit on Tue Jan 20 01:03:56 UTC 2026
Commit on Wed Jan 21 01:06:17 UTC 2026
Commit on Thu Jan 22 01:06:16 UTC 2026
Commit on Fri Jan 23 01:06:09 UTC 2026
Commit on Sat Jan 24 01:03:01 UTC 2026
Commit on Sun Jan 25 01:11:42 UTC 2026
Commit on Mon Jan 26 01:10:28 UTC 2026
Commit on Tue Jan 27 01:09:15 UTC 2026
Commit on Wed Jan 28 01:05:32 UTC 2026
Commit on Thu Jan 29 01:15:11 UTC 2026
Commit on Fri Jan 30 01:14:46 UTC 2026
Commit on Sat Jan 31 01:11:34 UTC 2026
